"HLTU1006769",
"HLTU1006814",
"HLTU1006820",
"HLTU1006877",
"HLTU1006882",
"HLTU1006922",
"HLTU1006959",
"HLTU1006964",
"HLTU1006990",
"HLTU1007019",
"HLTU1007030",
"HLTU1007087",
"HLTU1007169",
"HLTU1007298",
"HLTU1007322",
"HLTU1007549",
"HLTU1007580",
"HLTU1007615",
"HLTU1007657",
"HLTU1007662",
"HLTU1007744",
"HLTU1007786",
"HLTU1007805",
"HLTU1007868",
"HLTU1007976",
"HJLU1213946",
"HJLU1214069",
"HJLU1214285",
"HJLU1214304",
"HJLU1214393",
"HJLU1214407",
"HJLU1214449",
"HJLU1214454",
"HJLU1214475",
"HJLU1214500",
"HJLU1214557",
"HJLU1214618",
"HJLU1214644",
"HJLU1214691",
"HJLU1214726",
"HJLU1214747",
"HJLU1214752",
"HJLU1215281",
"HJLU1215337",
"HJLU1215358",
"HJLU1215379",
"HJLU1215450",
"HJLU1215471",
"HJLU1215487",
"HJLU1215511",
"HJLU1215532",
"HJLU1215785",
"HJLU1215872",
"HJLU1215912",
"HJLU1215928",
"HJLU1216122",
"HJLU1216204",
"HJLU1216210",
"HJLU1216293",
"HJLU1216518",
"HJLU1216591",
"HJLU1216740",
"HJLU1216781",
"HJLU1216800",
"HJLU1216821",
"HJLU1216858",
